{
  "timestamp": "2025-06-08T12:45:41.585Z",
  "systemInfo": {
    "nodeVersion": "v20.19.0",
    "platform": "linux",
    "arch": "x64",
    "cpus": 2,
    "totalMemory": "8GB",
    "hostname": "codespaces-baf695"
  },
  "results": {
    "small": {
      "adm-zip": {
        "create": {
          "avg": 2.184722000000003,
          "min": 0.794965000000019,
          "max": 4.944470999999993,
          "memory": 1309.3333333333333,
          "iterations": 3
        },
        "extract": {
          "avg": 1.6375933333333137,
          "min": 0.6818030000000022,
          "max": 3.4701969999999847,
          "memory": 0,
          "iterations": 3
        }
      },
      "yauzl": {
        "extract": {
          "avg": 7.228786666666697,
          "min": 1.4667080000000396,
          "max": 18.337566000000038,
          "memory": 0,
          "iterations": 3
        }
      },
      "yazl": {
        "create": {
          "avg": 3.763055333333322,
          "min": 1.9366860000000088,
          "max": 7.162090999999975,
          "memory": 1341.3333333333333,
          "iterations": 3
        }
      },
      "node-stream-zip": {
        "extract": {
          "avg": 3.254425666666672,
          "min": 1.6152650000000222,
          "max": 6.464199000000008,
          "memory": 0,
          "iterations": 3
        }
      },
      "jszip": {
        "create": {
          "avg": 2.7553179999999884,
          "min": 1.3907669999999825,
          "max": 5.418015999999966,
          "memory": 832,
          "iterations": 3
        },
        "extract": {
          "avg": 2.667119333333327,
          "min": 1.0197039999999902,
          "max": 5.944527999999991,
          "memory": 0,
          "iterations": 3
        }
      },
      "fflate": {
        "create": {
          "avg": 4.125648666666677,
          "min": 1.9756780000000163,
          "max": 6.275877000000037,
          "memory": 832,
          "iterations": 3
        },
        "extract": {
          "avg": 1.9344050000000077,
          "min": 0.9788970000000177,
          "max": 3.420616999999993,
          "memory": 0,
          "iterations": 3
        }
      }
    },
    "medium": {
      "adm-zip": {
        "create": {
          "avg": 34.747703666666645,
          "min": 32.24957999999998,
          "max": 38.788437999999985,
          "memory": 832,
          "iterations": 3
        },
        "extract": {
          "avg": 7.419853000000008,
          "min": 7.40356300000002,
          "max": 7.445961000000011,
          "memory": 0,
          "iterations": 3
        }
      },
      "yauzl": {
        "extract": {
          "avg": 17.34785333333332,
          "min": 15.178025000000048,
          "max": 20.984334999999987,
          "memory": 0,
          "iterations": 3
        }
      },
      "yazl": {
        "create": {
          "avg": 37.869532000000014,
          "min": 35.99538300000006,
          "max": 41.306647,
          "memory": 832,
          "iterations": 3
        }
      },
      "node-stream-zip": {
        "extract": {
          "avg": 32.887180666666644,
          "min": 30.75793699999997,
          "max": 34.07123100000001,
          "memory": 0,
          "iterations": 3
        }
      },
      "jszip": {
        "create": {
          "avg": 7.3200689999999895,
          "min": 5.944466000000034,
          "max": 8.950219999999945,
          "memory": 832,
          "iterations": 3
        },
        "extract": {
          "avg": 14.64224333333334,
          "min": 9.111680999999976,
          "max": 22.451949000000013,
          "memory": 0,
          "iterations": 3
        }
      },
      "fflate": {
        "create": {
          "avg": 104.17932766666665,
          "min": 87.54221699999994,
          "max": 128.31009299999994,
          "memory": 832,
          "iterations": 3
        },
        "extract": {
          "avg": 3.0363193333333434,
          "min": 2.6915950000000066,
          "max": 3.6670080000001235,
          "memory": 0,
          "iterations": 3
        }
      }
    },
    "large": {
      "adm-zip": {
        "create": {
          "avg": 289.6505499999999,
          "min": 274.21471500000007,
          "max": 306.73645999999985,
          "memory": 832,
          "iterations": 3
        },
        "extract": {
          "avg": 57.040156333333165,
          "min": 48.758450999999695,
          "max": 73.5668499999997,
          "memory": 0,
          "iterations": 3
        }
      },
      "yauzl": {
        "extract": {
          "avg": 102.84251800000008,
          "min": 92.0396969999997,
          "max": 111.45455400000037,
          "memory": 0,
          "iterations": 3
        }
      },
      "yazl": {
        "create": {
          "avg": 312.47528433333326,
          "min": 300.9852969999997,
          "max": 333.82139000000006,
          "memory": 832,
          "iterations": 3
        }
      },
      "node-stream-zip": {
        "extract": {
          "avg": 232.64679733333332,
          "min": 217.70374000000038,
          "max": 251.98546099999976,
          "memory": 0,
          "iterations": 3
        }
      },
      "jszip": {
        "create": {
          "avg": 75.39700133333311,
          "min": 59.704719999999725,
          "max": 99.27611400000023,
          "memory": 832,
          "iterations": 3
        },
        "extract": {
          "avg": 154.4381000000003,
          "min": 144.03607300000021,
          "max": 164.87446799999998,
          "memory": 0,
          "iterations": 3
        }
      },
      "fflate": {
        "create": {
          "avg": 515.3949713333335,
          "min": 353.56672400000025,
          "max": 655.6094229999999,
          "memory": 832,
          "iterations": 3
        },
        "extract": {
          "avg": 15.23911100000017,
          "min": 11.760425999999825,
          "max": 20.129031000000396,
          "memory": 0,
          "iterations": 3
        }
      }
    }
  }
}