{
  "timestamp": "2025-06-08T12:21:55.786Z",
  "systemInfo": {
    "nodeVersion": "v20.19.0",
    "platform": "linux",
    "arch": "x64",
    "cpus": 2,
    "totalMemory": "8GB",
    "hostname": "codespaces-baf695"
  },
  "results": {
    "small": {
      "adm-zip": {
        "create": {
          "avg": 1.307483400000001,
          "min": 0.6492220000000088,
          "max": 3.5959139999999934,
          "memory": 1112,
          "iterations": 5
        },
        "extract": {
          "avg": 1.986099800000011,
          "min": 0.67020100000002,
          "max": 5.314511999999979,
          "memory": 0,
          "iterations": 5
        }
      },
      "yauzl": {
        "extract": {
          "avg": 2.2502305999999974,
          "min": 1.1465410000000134,
          "max": 6.004119000000003,
          "memory": 0,
          "iterations": 5
        }
      },
      "yazl": {
        "create": {
          "avg": 1.7925128000000086,
          "min": 1.0014279999999758,
          "max": 4.093413999999996,
          "memory": 1915.2,
          "iterations": 5
        }
      },
      "node-stream-zip": {
        "extract": {
          "avg": 2.0122905999999943,
          "min": 1.184030000000007,
          "max": 4.362837000000013,
          "memory": 0,
          "iterations": 5
        }
      },
      "jszip": {
        "create": {
          "avg": 1.5692219999999792,
          "min": 0.660964999999976,
          "max": 3.936510999999996,
          "memory": 832,
          "iterations": 5
        },
        "extract": {
          "avg": 1.455959999999982,
          "min": 0.6545019999999795,
          "max": 3.922762999999975,
          "memory": 0,
          "iterations": 5
        }
      },
      "fflate": {
        "create": {
          "avg": 2.2927525999999943,
          "min": 0.7716399999999908,
          "max": 4.374204999999961,
          "memory": 832,
          "iterations": 5
        },
        "extract": {
          "avg": 1.0033051999999885,
          "min": 0.6003309999999829,
          "max": 2.3453779999999824,
          "memory": 0,
          "iterations": 5
        }
      }
    },
    "medium": {
      "adm-zip": {
        "create": {
          "avg": 29.542575199999987,
          "min": 27.14153299999998,
          "max": 35.50334399999997,
          "memory": 832,
          "iterations": 5
        },
        "extract": {
          "avg": 8.202634000000012,
          "min": 7.485876000000076,
          "max": 8.863988000000063,
          "memory": 0,
          "iterations": 5
        }
      },
      "yauzl": {
        "extract": {
          "avg": 14.140068800000018,
          "min": 11.27494999999999,
          "max": 18.683382999999935,
          "memory": 0,
          "iterations": 5
        }
      },
      "yazl": {
        "create": {
          "avg": 40.99458240000001,
          "min": 36.306035000000065,
          "max": 48.069394999999986,
          "memory": 832,
          "iterations": 5
        }
      },
      "node-stream-zip": {
        "extract": {
          "avg": 38.74503460000001,
          "min": 26.274895000000015,
          "max": 58.570671999999945,
          "memory": 0,
          "iterations": 5
        }
      },
      "jszip": {
        "create": {
          "avg": 11.116001400000005,
          "min": 7.741444999999885,
          "max": 13.009055999999873,
          "memory": 832,
          "iterations": 5
        },
        "extract": {
          "avg": 21.86423399999999,
          "min": 15.826649000000089,
          "max": 29.568442000000005,
          "memory": 0,
          "iterations": 5
        }
      },
      "fflate": {
        "create": {
          "avg": 114.29403299999994,
          "min": 86.16851499999984,
          "max": 206.6935739999999,
          "memory": 832,
          "iterations": 5
        },
        "extract": {
          "avg": 1.9429834000000028,
          "min": 1.7351300000000265,
          "max": 2.486234000000195,
          "memory": 0,
          "iterations": 5
        }
      }
    },
    "large": {
      "adm-zip": {
        "create": {
          "avg": 332.594385,
          "min": 277.09305900000027,
          "max": 458.3070419999999,
          "memory": 832,
          "iterations": 5
        },
        "extract": {
          "avg": 63.183931399999985,
          "min": 59.054443999999876,
          "max": 73.76251199999979,
          "memory": 0,
          "iterations": 5
        }
      },
      "yauzl": {
        "extract": {
          "avg": 79.74257239999989,
          "min": 68.36977799999931,
          "max": 104.3312350000001,
          "memory": 0,
          "iterations": 5
        }
      },
      "yazl": {
        "create": {
          "avg": 324.2613030000002,
          "min": 299.3912390000005,
          "max": 338.1888740000004,
          "memory": 832,
          "iterations": 5
        }
      },
      "node-stream-zip": {
        "extract": {
          "avg": 213.37094220000017,
          "min": 196.44842599999993,
          "max": 245.1854169999997,
          "memory": 0,
          "iterations": 5
        }
      },
      "jszip": {
        "create": {
          "avg": 57.10870300000006,
          "min": 52.974913000000015,
          "max": 64.30489600000055,
          "memory": 832,
          "iterations": 5
        },
        "extract": {
          "avg": 83.99343500000013,
          "min": 68.78911700000026,
          "max": 106.46278400000028,
          "memory": 0,
          "iterations": 5
        }
      },
      "fflate": {
        "create": {
          "avg": 564.1634546000001,
          "min": 404.12109800000144,
          "max": 797.3856189999997,
          "memory": 832,
          "iterations": 5
        },
        "extract": {
          "avg": 13.411267200000657,
          "min": 10.993545000001177,
          "max": 16.201929000000746,
          "memory": 0,
          "iterations": 5
        }
      }
    }
  }
}