{
  "timestamp": "2025-06-08T13:17:11.873Z",
  "systemInfo": {
    "nodeVersion": "v20.19.0",
    "platform": "linux",
    "arch": "x64",
    "cpus": 2,
    "totalMemory": "8GB",
    "hostname": "codespaces-baf695"
  },
  "results": {
    "small": {
      "adm-zip": {
        "create": {
          "avg": 4.897697400000004,
          "min": 1.2549130000000446,
          "max": 10.608843999999976,
          "memory": 1892.8,
          "iterations": 5
        },
        "extract": {
          "avg": 2.2447513999999957,
          "min": 0.9481299999999919,
          "max": 6.164818999999966,
          "memory": 0,
          "iterations": 5
        }
      },
      "yauzl": {
        "extract": {
          "avg": 3.2781204,
          "min": 1.2554440000000113,
          "max": 10.505052999999975,
          "memory": 0,
          "iterations": 5
        }
      },
      "yazl": {
        "create": {
          "avg": 2.802219400000001,
          "min": 1.304555999999991,
          "max": 6.205875999999989,
          "memory": 848,
          "iterations": 5
        }
      },
      "node-stream-zip": {
        "extract": {
          "avg": 4.209555800000009,
          "min": 1.196204000000023,
          "max": 11.13914699999998,
          "memory": 0,
          "iterations": 5
        }
      },
      "jszip": {
        "create": {
          "avg": 1.9559296000000017,
          "min": 0.9753810000000271,
          "max": 4.0467049999999745,
          "memory": 832,
          "iterations": 5
        },
        "extract": {
          "avg": 1.5084582000000295,
          "min": 0.6679970000000139,
          "max": 4.31922400000002,
          "memory": 0,
          "iterations": 5
        }
      },
      "fflate": {
        "create": {
          "avg": 2.508072600000014,
          "min": 0.9789779999999837,
          "max": 4.92145800000003,
          "memory": 832,
          "iterations": 5
        },
        "extract": {
          "avg": 2.5653054000000113,
          "min": 0.8177789999999732,
          "max": 5.056470999999988,
          "memory": 0,
          "iterations": 5
        }
      },
      "uzip": {
        "create": {
          "avg": 4.0191554,
          "min": 2.3629290000000083,
          "max": 6.3249490000000606,
          "memory": 832,
          "iterations": 5
        },
        "extract": {
          "avg": 1.3623494000000165,
          "min": 0.9950860000000148,
          "max": 1.7891700000000128,
          "memory": 0,
          "iterations": 5
        }
      }
    },
    "medium": {
      "adm-zip": {
        "create": {
          "avg": 32.0407338,
          "min": 29.04949499999998,
          "max": 38.77286000000004,
          "memory": 844.8,
          "iterations": 5
        },
        "extract": {
          "avg": 8.325317199999995,
          "min": 7.690540999999939,
          "max": 9.27085800000009,
          "memory": 0,
          "iterations": 5
        }
      },
      "yauzl": {
        "extract": {
          "avg": 15.140549400000031,
          "min": 12.448654000000033,
          "max": 17.710121999999956,
          "memory": 0,
          "iterations": 5
        }
      },
      "yazl": {
        "create": {
          "avg": 46.9814028,
          "min": 32.696275000000014,
          "max": 71.09594500000003,
          "memory": 832,
          "iterations": 5
        }
      },
      "node-stream-zip": {
        "extract": {
          "avg": 36.24266059999995,
          "min": 26.577949999999873,
          "max": 61.16528500000004,
          "memory": 0,
          "iterations": 5
        }
      },
      "jszip": {
        "create": {
          "avg": 8.27908480000001,
          "min": 6.5288600000001225,
          "max": 12.100753999999824,
          "memory": 832,
          "iterations": 5
        },
        "extract": {
          "avg": 15.592781000000013,
          "min": 9.050396999999975,
          "max": 31.376990000000205,
          "memory": 0,
          "iterations": 5
        }
      },
      "fflate": {
        "create": {
          "avg": 125.2924654,
          "min": 92.58531399999993,
          "max": 156.2151819999999,
          "memory": 832,
          "iterations": 5
        },
        "extract": {
          "avg": 2.234992399999919,
          "min": 1.9439689999999246,
          "max": 2.4911309999999958,
          "memory": 0,
          "iterations": 5
        }
      },
      "uzip": {
        "create": {
          "avg": 62.59788780000012,
          "min": 39.67842100000007,
          "max": 119.04700100000014,
          "memory": 832,
          "iterations": 5
        },
        "extract": {
          "avg": 3.6147320000000036,
          "min": 2.4930930000000444,
          "max": 4.8910900000000765,
          "memory": 0,
          "iterations": 5
        }
      }
    },
    "large": {
      "adm-zip": {
        "create": {
          "avg": 275.7718082,
          "min": 260.2189250000001,
          "max": 288.87604999999985,
          "memory": 832,
          "iterations": 5
        },
        "extract": {
          "avg": 54.307014399999936,
          "min": 51.01881299999968,
          "max": 60.834835999999996,
          "memory": 0,
          "iterations": 5
        }
      },
      "yauzl": {
        "extract": {
          "avg": 86.43030819999986,
          "min": 71.11047400000007,
          "max": 102.12600999999995,
          "memory": 0,
          "iterations": 5
        }
      },
      "yazl": {
        "create": {
          "avg": 322.0734922,
          "min": 302.4796270000006,
          "max": 352.23206200000004,
          "memory": 832,
          "iterations": 5
        }
      },
      "node-stream-zip": {
        "extract": {
          "avg": 332.55240659999964,
          "min": 241.77606299999934,
          "max": 362.3316880000002,
          "memory": 0,
          "iterations": 5
        }
      },
      "jszip": {
        "create": {
          "avg": 87.10226859999985,
          "min": 64.2249469999997,
          "max": 120.21919799999978,
          "memory": 832,
          "iterations": 5
        },
        "extract": {
          "avg": 175.4242264000004,
          "min": 151.64652000000024,
          "max": 200.16994400000112,
          "memory": 0,
          "iterations": 5
        }
      },
      "fflate": {
        "create": {
          "avg": 427.77406959999973,
          "min": 375.26497200000085,
          "max": 476.3754259999987,
          "memory": 832,
          "iterations": 5
        },
        "extract": {
          "avg": 13.404158999999709,
          "min": 11.015827999999601,
          "max": 17.203558999999586,
          "memory": 0,
          "iterations": 5
        }
      },
      "uzip": {
        "create": {
          "avg": 490.6317479999998,
          "min": 427.22125699999924,
          "max": 578.7824579999997,
          "memory": 832,
          "iterations": 5
        },
        "extract": {
          "avg": 21.097450399999435,
          "min": 16.37632399999893,
          "max": 26.468344999999317,
          "memory": 0,
          "iterations": 5
        }
      }
    }
  }
}