{
  "timestamp": "2025-06-08T12:14:40.499Z",
  "systemInfo": {
    "nodeVersion": "v20.19.0",
    "platform": "linux",
    "arch": "x64",
    "cpus": 2,
    "totalMemory": "8GB",
    "hostname": "codespaces-baf695"
  },
  "results": {
    "small": {
      "adm-zip": {
        "create": {
          "avg": 2.46321766666667,
          "min": 0.8545430000000067,
          "max": 4.931567000000001,
          "memory": 1309.3333333333333,
          "iterations": 3
        },
        "extract": {
          "avg": 1.0603630000000048,
          "min": 0.4818600000000117,
          "max": 2.148401000000007,
          "memory": 0,
          "iterations": 3
        }
      },
      "yauzl": {
        "extract": {
          "avg": 7.005914000000018,
          "min": 3.8293709999999805,
          "max": 11.877395000000035,
          "memory": 0,
          "iterations": 3
        }
      },
      "yazl": {
        "create": {
          "avg": 3.67582600000001,
          "min": 1.787618000000009,
          "max": 7.018823999999995,
          "memory": 1341.3333333333333,
          "iterations": 3
        }
      },
      "node-stream-zip": {
        "extract": {
          "avg": 3.582571666666676,
          "min": 1.957304000000022,
          "max": 6.7786049999999705,
          "memory": 0,
          "iterations": 3
        }
      },
      "jszip": {
        "create": {
          "avg": 4.465029333333329,
          "min": 1.1293579999999679,
          "max": 9.32291600000002,
          "memory": 832,
          "iterations": 3
        },
        "extract": {
          "avg": 5.6458863333333325,
          "min": 2.1294960000000174,
          "max": 7.876333999999986,
          "memory": 0,
          "iterations": 3
        }
      },
      "fflate": {
        "create": {
          "avg": 9.394195666666652,
          "min": 7.296061999999949,
          "max": 12.223070000000007,
          "memory": 832,
          "iterations": 3
        },
        "extract": {
          "avg": 2.6651556666666543,
          "min": 0.7677429999999958,
          "max": 4.650021999999979,
          "memory": 0,
          "iterations": 3
        }
      }
    },
    "medium": {
      "adm-zip": {
        "create": {
          "avg": 51.48583366666668,
          "min": 48.40173500000003,
          "max": 53.312994,
          "memory": 832,
          "iterations": 3
        },
        "extract": {
          "avg": 9.846275999999989,
          "min": 7.580612999999971,
          "max": 13.134641999999985,
          "memory": 0,
          "iterations": 3
        }
      },
      "yauzl": {
        "extract": {
          "avg": 18.92815866666668,
          "min": 12.37288000000001,
          "max": 24.750095999999985,
          "memory": 0,
          "iterations": 3
        }
      },
      "yazl": {
        "create": {
          "avg": 37.2101763333333,
          "min": 34.612521000000015,
          "max": 39.73661699999991,
          "memory": 832,
          "iterations": 3
        }
      },
      "node-stream-zip": {
        "extract": {
          "avg": 33.42807899999995,
          "min": 28.05822599999999,
          "max": 40.374255999999946,
          "memory": 0,
          "iterations": 3
        }
      },
      "jszip": {
        "create": {
          "avg": 8.76167433333334,
          "min": 7.331617000000051,
          "max": 10.296054000000026,
          "memory": 832,
          "iterations": 3
        },
        "extract": {
          "avg": 17.253498666666662,
          "min": 10.101691999999957,
          "max": 31.240192999999977,
          "memory": 0,
          "iterations": 3
        }
      },
      "fflate": {
        "create": {
          "avg": 98.20302666666664,
          "min": 89.4234919999999,
          "max": 103.69127000000003,
          "memory": 832,
          "iterations": 3
        },
        "extract": {
          "avg": 2.9146039999999025,
          "min": 2.6614680000000135,
          "max": 3.2516209999998864,
          "memory": 0,
          "iterations": 3
        }
      }
    },
    "large": {
      "adm-zip": {
        "create": {
          "avg": 284.12012200000004,
          "min": 277.33381800000006,
          "max": 287.80793500000004,
          "memory": 832,
          "iterations": 3
        },
        "extract": {
          "avg": 56.687070333333246,
          "min": 50.56456299999991,
          "max": 64.28828500000009,
          "memory": 0,
          "iterations": 3
        }
      },
      "yauzl": {
        "extract": {
          "avg": 90.11378799999996,
          "min": 81.4177279999999,
          "max": 101.89798199999996,
          "memory": 0,
          "iterations": 3
        }
      },
      "yazl": {
        "create": {
          "avg": 319.2857883333333,
          "min": 299.3627160000001,
          "max": 337.09461999999985,
          "memory": 832,
          "iterations": 3
        }
      },
      "node-stream-zip": {
        "extract": {
          "avg": 220.7264450000001,
          "min": 189.21731500000033,
          "max": 241.51886100000002,
          "memory": 0,
          "iterations": 3
        }
      },
      "jszip": {
        "create": {
          "avg": 56.864979333333395,
          "min": 55.89879999999994,
          "max": 58.031363000000056,
          "memory": 832,
          "iterations": 3
        },
        "extract": {
          "avg": 88.00408833333313,
          "min": 86.27234899999985,
          "max": 89.95577400000002,
          "memory": 0,
          "iterations": 3
        }
      },
      "fflate": {
        "create": {
          "avg": 515.4204923333333,
          "min": 417.22028599999976,
          "max": 708.8360940000002,
          "memory": 832,
          "iterations": 3
        },
        "extract": {
          "avg": 26.78934500000014,
          "min": 14.887083999999959,
          "max": 43.362615000000005,
          "memory": 0,
          "iterations": 3
        }
      }
    }
  }
}