{
  "timestamp": "2025-06-08T11:51:50.597Z",
  "systemInfo": {
    "nodeVersion": "v20.19.0",
    "platform": "linux",
    "arch": "x64",
    "cpus": 2,
    "totalMemory": "8GB",
    "hostname": "codespaces-baf695"
  },
  "results": {
    "small": {
      "adm-zip": {
        "create": {
          "avg": 4.619237333333331,
          "min": 2.8012200000000007,
          "max": 7.317160999999999,
          "memory": 1309.3333333333333,
          "iterations": 3
        },
        "extract": {
          "avg": 1.976623666666664,
          "min": 0.9262689999999907,
          "max": 2.978631000000007,
          "memory": 0,
          "iterations": 3
        }
      },
      "yauzl": {
        "extract": {
          "avg": 5.000298000000005,
          "min": 1.1402190000000019,
          "max": 12.330549000000019,
          "memory": 0,
          "iterations": 3
        }
      },
      "yazl": {
        "create": {
          "avg": 2.343141666666668,
          "min": 1.4346189999999979,
          "max": 4.094627000000003,
          "memory": 1341.3333333333333,
          "iterations": 3
        }
      },
      "node-stream-zip": {
        "extract": {
          "avg": 3.0222233333333293,
          "min": 1.6107589999999732,
          "max": 4.923483000000033,
          "memory": 0,
          "iterations": 3
        }
      },
      "jszip": {
        "create": {
          "avg": 1.9879913333333168,
          "min": 0.7737349999999878,
          "max": 3.7543779999999742,
          "memory": 832,
          "iterations": 3
        },
        "extract": {
          "avg": 2.021647000000011,
          "min": 0.6140460000000303,
          "max": 4.487866999999994,
          "memory": 0,
          "iterations": 3
        }
      },
      "fflate": {
        "create": {
          "avg": 2.9227260000000115,
          "min": 1.615885999999989,
          "max": 4.3392410000000154,
          "memory": 832,
          "iterations": 3
        },
        "extract": {
          "avg": 0.5502970000000005,
          "min": 0.22209500000002436,
          "max": 1.1867239999999697,
          "memory": 0,
          "iterations": 3
        }
      }
    },
    "medium": {
      "adm-zip": {
        "create": {
          "avg": 31.15727,
          "min": 29.070543999999984,
          "max": 35.10774500000002,
          "memory": 832,
          "iterations": 3
        },
        "extract": {
          "avg": 10.003202333333283,
          "min": 8.518691999999987,
          "max": 11.674166999999898,
          "memory": 0,
          "iterations": 3
        }
      },
      "yauzl": {
        "extract": {
          "avg": 24.02102366666664,
          "min": 15.135077000000024,
          "max": 32.53539099999989,
          "memory": 0,
          "iterations": 3
        }
      },
      "yazl": {
        "create": {
          "avg": 56.083972333333314,
          "min": 47.362886,
          "max": 61.09935399999995,
          "memory": 832,
          "iterations": 3
        }
      },
      "node-stream-zip": {
        "extract": {
          "avg": 37.494765666666694,
          "min": 34.579450000000065,
          "max": 40.74795599999993,
          "memory": 0,
          "iterations": 3
        }
      },
      "jszip": {
        "create": {
          "avg": 12.320048000000005,
          "min": 9.320181000000048,
          "max": 17.754877999999962,
          "memory": 832,
          "iterations": 3
        },
        "extract": {
          "avg": 26.86124966666667,
          "min": 23.173765000000003,
          "max": 31.650952000000075,
          "memory": 0,
          "iterations": 3
        }
      },
      "fflate": {
        "create": {
          "avg": 94.23141566666668,
          "min": 55.543368999999984,
          "max": 167.72548999999992,
          "memory": 832,
          "iterations": 3
        },
        "extract": {
          "avg": 0.8431506666665882,
          "min": 0.7302429999999731,
          "max": 1.0034429999998338,
          "memory": 0,
          "iterations": 3
        }
      }
    },
    "large": {
      "adm-zip": {
        "create": {
          "avg": 281.55971033333316,
          "min": 278.81192799999985,
          "max": 286.77532499999984,
          "memory": 832,
          "iterations": 3
        },
        "extract": {
          "avg": 49.95002000000007,
          "min": 46.01215400000001,
          "max": 53.93000699999993,
          "memory": 0,
          "iterations": 3
        }
      },
      "yauzl": {
        "extract": {
          "avg": 88.04127133333334,
          "min": 80.48858199999995,
          "max": 96.13825899999983,
          "memory": 0,
          "iterations": 3
        }
      },
      "yazl": {
        "create": {
          "avg": 326.73489166666667,
          "min": 313.28834499999994,
          "max": 346.6086610000002,
          "memory": 832,
          "iterations": 3
        }
      },
      "node-stream-zip": {
        "extract": {
          "avg": 202.68220866666675,
          "min": 179.2250100000001,
          "max": 227.41158600000017,
          "memory": 0,
          "iterations": 3
        }
      },
      "jszip": {
        "create": {
          "avg": 55.56228033333385,
          "min": 54.746611000000485,
          "max": 57.06377800000064,
          "memory": 832,
          "iterations": 3
        },
        "extract": {
          "avg": 84.94501799999973,
          "min": 77.7726819999998,
          "max": 90.31750899999952,
          "memory": 0,
          "iterations": 3
        }
      },
      "fflate": {
        "create": {
          "avg": 474.89036900000036,
          "min": 389.5077970000002,
          "max": 612.3174750000007,
          "memory": 832,
          "iterations": 3
        },
        "extract": {
          "avg": 5.395486333333186,
          "min": 3.9594520000000557,
          "max": 7.313503999999739,
          "memory": 0,
          "iterations": 3
        }
      }
    }
  }
}