{
  "timestamp": "2025-06-08T12:40:00.946Z",
  "systemInfo": {
    "nodeVersion": "v20.19.0",
    "platform": "linux",
    "arch": "x64",
    "cpus": 2,
    "totalMemory": "8GB",
    "hostname": "codespaces-baf695"
  },
  "results": {
    "small": {
      "adm-zip": {
        "create": {
          "avg": 2.431302333333349,
          "min": 0.7868090000000052,
          "max": 5.696255000000008,
          "memory": 1309.3333333333333,
          "iterations": 3
        },
        "extract": {
          "avg": 1.4299700000000068,
          "min": 0.4926800000000071,
          "max": 3.188173000000006,
          "memory": 0,
          "iterations": 3
        }
      },
      "yauzl": {
        "extract": {
          "avg": 4.674911000000027,
          "min": 1.016477000000009,
          "max": 11.73058100000003,
          "memory": 0,
          "iterations": 3
        }
      },
      "yazl": {
        "create": {
          "avg": 2.873170666666624,
          "min": 1.953997999999956,
          "max": 4.641154999999969,
          "memory": 2328,
          "iterations": 3
        }
      },
      "node-stream-zip": {
        "extract": {
          "avg": 2.2616383333332997,
          "min": 1.309964999999977,
          "max": 4.16256999999996,
          "memory": 0,
          "iterations": 3
        }
      },
      "jszip": {
        "create": {
          "avg": 1.9132620000000127,
          "min": 0.7833640000000059,
          "max": 3.956155000000024,
          "memory": 832,
          "iterations": 3
        },
        "extract": {
          "avg": 2.1567366666666885,
          "min": 0.6112610000000132,
          "max": 4.889990000000012,
          "memory": 0,
          "iterations": 3
        }
      },
      "fflate": {
        "create": {
          "avg": 4.44852800000001,
          "min": 2.7054410000000075,
          "max": 6.256499000000019,
          "memory": 832,
          "iterations": 3
        },
        "extract": {
          "avg": 1.6947943333333153,
          "min": 0.9740390000000048,
          "max": 2.8065899999999715,
          "memory": 0,
          "iterations": 3
        }
      }
    },
    "medium": {
      "adm-zip": {
        "create": {
          "avg": 33.578244000000005,
          "min": 31.718076999999994,
          "max": 37.00970799999999,
          "memory": 832,
          "iterations": 3
        },
        "extract": {
          "avg": 7.888598000000002,
          "min": 7.831792000000007,
          "max": 7.973927000000003,
          "memory": 0,
          "iterations": 3
        }
      },
      "yauzl": {
        "extract": {
          "avg": 17.09205033333338,
          "min": 14.080317000000036,
          "max": 18.9437200000001,
          "memory": 0,
          "iterations": 3
        }
      },
      "yazl": {
        "create": {
          "avg": 38.85747266666666,
          "min": 35.02713700000004,
          "max": 42.555898999999954,
          "memory": 832,
          "iterations": 3
        }
      },
      "node-stream-zip": {
        "extract": {
          "avg": 44.59819133333334,
          "min": 41.450567999999976,
          "max": 46.73049600000002,
          "memory": 0,
          "iterations": 3
        }
      },
      "jszip": {
        "create": {
          "avg": 13.440315999999976,
          "min": 8.451567999999952,
          "max": 22.987356999999975,
          "memory": 832,
          "iterations": 3
        },
        "extract": {
          "avg": 25.954296333333332,
          "min": 16.763386999999966,
          "max": 40.94118700000001,
          "memory": 0,
          "iterations": 3
        }
      },
      "fflate": {
        "create": {
          "avg": 136.00627433333338,
          "min": 94.77680699999996,
          "max": 215.57665599999996,
          "memory": 832,
          "iterations": 3
        },
        "extract": {
          "avg": 2.0089973333333546,
          "min": 1.7992289999999684,
          "max": 2.2405730000000403,
          "memory": 0,
          "iterations": 3
        }
      }
    },
    "large": {
      "adm-zip": {
        "create": {
          "avg": 288.35405666666657,
          "min": 268.9445249999999,
          "max": 318.3116229999998,
          "memory": 832,
          "iterations": 3
        },
        "extract": {
          "avg": 61.065464666666685,
          "min": 48.98780799999986,
          "max": 69.28984300000002,
          "memory": 0,
          "iterations": 3
        }
      },
      "yauzl": {
        "extract": {
          "avg": 109.92147166666655,
          "min": 91.10149499999989,
          "max": 128.4011230000001,
          "memory": 0,
          "iterations": 3
        }
      },
      "yazl": {
        "create": {
          "avg": 309.4436263333332,
          "min": 305.43553299999985,
          "max": 316.44103799999993,
          "memory": 832,
          "iterations": 3
        }
      },
      "node-stream-zip": {
        "extract": {
          "avg": 237.77286466666678,
          "min": 186.74310400000013,
          "max": 310.298131,
          "memory": 0,
          "iterations": 3
        }
      },
      "jszip": {
        "create": {
          "avg": 71.89293699999992,
          "min": 57.076922000000195,
          "max": 84.37250399999994,
          "memory": 832,
          "iterations": 3
        },
        "extract": {
          "avg": 92.39763800000007,
          "min": 85.49041000000034,
          "max": 99.78179900000032,
          "memory": 0,
          "iterations": 3
        }
      },
      "fflate": {
        "create": {
          "avg": 490.511485,
          "min": 369.20232699999997,
          "max": 692.8291319999998,
          "memory": 832,
          "iterations": 3
        },
        "extract": {
          "avg": 32.98910366666678,
          "min": 21.15464499999962,
          "max": 38.980727000000115,
          "memory": 0,
          "iterations": 3
        }
      }
    }
  }
}